spool logs/bhp_base_data_install.log

INSERT INTO hockey_pool.draft_round (round_id, round_number) VALUES (1, 1);
INSERT INTO hockey_pool.draft_round (round_id, round_number) VALUES (2, 2);
INSERT INTO hockey_pool.draft_round (round_id, round_number) VALUES (3, 3);
INSERT INTO hockey_pool.draft_round (round_id, round_number) VALUES (4, 4);
INSERT INTO hockey_pool.draft_round (round_id, round_number) VALUES (5, 5);
INSERT INTO hockey_pool.draft_round (round_id, round_number) VALUES (6, 6);
INSERT INTO hockey_pool.draft_round (round_id, round_number) VALUES (7, 7);
INSERT INTO hockey_pool.draft_round (round_id, round_number) VALUES (8, 8);
INSERT INTO hockey_pool.draft_round (round_id, round_number) VALUES (9, 9);
INSERT INTO hockey_pool.draft_round (round_id, round_number) VALUES (10, 10);
INSERT INTO hockey_pool.draft_round (round_id, round_number) VALUES (11, 11);
INSERT INTO hockey_pool.draft_round (round_id, round_number) VALUES (12, 12);
INSERT INTO hockey_pool.draft_round (round_id, round_number) VALUES (13, 13);
INSERT INTO hockey_pool.draft_round (round_id, round_number) VALUES (14, 14);
INSERT INTO hockey_pool.draft_round (round_id, round_number) VALUES (15, 15);
INSERT INTO hockey_pool.draft_round (round_id, round_number) VALUES (16, 16);
INSERT INTO hockey_pool.draft_round (round_id, round_number) VALUES (17, 17);
INSERT INTO hockey_pool.draft_round (round_id, round_number) VALUES (18, 18);
INSERT INTO hockey_pool.draft_round (round_id, round_number) VALUES (19, 19);
INSERT INTO hockey_pool.draft_round (round_id, round_number) VALUES (20, 20);

INSERT INTO hockey_pool.weeks (week_id, week_number) VALUES (1, 1);
INSERT INTO hockey_pool.weeks (week_id, week_number) VALUES (2, 2);
INSERT INTO hockey_pool.weeks (week_id, week_number) VALUES (3, 3);
INSERT INTO hockey_pool.weeks (week_id, week_number) VALUES (4, 4);
INSERT INTO hockey_pool.weeks (week_id, week_number) VALUES (5, 5);
INSERT INTO hockey_pool.weeks (week_id, week_number) VALUES (6, 6);
INSERT INTO hockey_pool.weeks (week_id, week_number) VALUES (7, 7);
INSERT INTO hockey_pool.weeks (week_id, week_number) VALUES (8, 8);
INSERT INTO hockey_pool.weeks (week_id, week_number) VALUES (9, 9);
INSERT INTO hockey_pool.weeks (week_id, week_number) VALUES (10, 10);
INSERT INTO hockey_pool.weeks (week_id, week_number) VALUES (11, 11);
INSERT INTO hockey_pool.weeks (week_id, week_number) VALUES (12, 12);
INSERT INTO hockey_pool.weeks (week_id, week_number) VALUES (13, 13);
INSERT INTO hockey_pool.weeks (week_id, week_number) VALUES (14, 14);
INSERT INTO hockey_pool.weeks (week_id, week_number) VALUES (15, 15);
INSERT INTO hockey_pool.weeks (week_id, week_number) VALUES (16, 16);
INSERT INTO hockey_pool.weeks (week_id, week_number) VALUES (17, 17);
INSERT INTO hockey_pool.weeks (week_id, week_number) VALUES (18, 18);
INSERT INTO hockey_pool.weeks (week_id, week_number) VALUES (19, 19);
INSERT INTO hockey_pool.weeks (week_id, week_number) VALUES (20, 20);
INSERT INTO hockey_pool.weeks (week_id, week_number) VALUES (21, 21);
INSERT INTO hockey_pool.weeks (week_id, week_number) VALUES (22, 22);
INSERT INTO hockey_pool.weeks (week_id, week_number) VALUES (23, 23);
INSERT INTO hockey_pool.weeks (week_id, week_number) VALUES (24, 24);
INSERT INTO hockey_pool.weeks (week_id, week_number) VALUES (25, 25);
INSERT INTO hockey_pool.weeks (week_id, week_number) VALUES (26, 26);

INSERT INTO hockey_pool.pools (pool_id, pool_name, current_week_id) VALUES (1, 'Bitchin'' Hockey Pool', 26);

INSERT INTO hockey_pool.category_points (category_points_pool_id, category_name, category_value) values (1, 'goals', 10); 
INSERT INTO hockey_pool.category_points (category_points_pool_id, category_name, category_value) values (1, 'assists', 10); 
INSERT INTO hockey_pool.category_points (category_points_pool_id, category_name, category_value) values (1, 'plus_minus', 7); 
INSERT INTO hockey_pool.category_points (category_points_pool_id, category_name, category_value) values (1, 'shg', 10); 
INSERT INTO hockey_pool.category_points (category_points_pool_id, category_name, category_value) values (1, 'sha', 10); 
INSERT INTO hockey_pool.category_points (category_points_pool_id, category_name, category_value) values (1, 'gwa', 10); 
INSERT INTO hockey_pool.category_points (category_points_pool_id, category_name, category_value) values (1, 'ena', 5); 
INSERT INTO hockey_pool.category_points (category_points_pool_id, category_name, category_value) values (1, 'ppg', 10); 
INSERT INTO hockey_pool.category_points (category_points_pool_id, category_name, category_value) values (1, 'ppa', 10); 
INSERT INTO hockey_pool.category_points (category_points_pool_id, category_name, category_value) values (1, 'gwg', 10); 
INSERT INTO hockey_pool.category_points (category_points_pool_id, category_name, category_value) values (1, 'psg', 10); 
INSERT INTO hockey_pool.category_points (category_points_pool_id, category_name, category_value) values (1, 'eng', 5); 
INSERT INTO hockey_pool.category_points (category_points_pool_id, category_name, category_value) values (1, 'pims', -1); 
INSERT INTO hockey_pool.category_points (category_points_pool_id, category_name, category_value) values (1, 'pims_drawn', 1); 
INSERT INTO hockey_pool.category_points (category_points_pool_id, category_name, category_value) values (1, 'hits', 1); 
INSERT INTO hockey_pool.category_points (category_points_pool_id, category_name, category_value) values (1, 'shots', 1); 
INSERT INTO hockey_pool.category_points (category_points_pool_id, category_name, category_value) values (1, 'shots_blocked', -1); 
INSERT INTO hockey_pool.category_points (category_points_pool_id, category_name, category_value) values (1, 'misses', -1); 
INSERT INTO hockey_pool.category_points (category_points_pool_id, category_name, category_value) values (1, 'blocks', 1); 
INSERT INTO hockey_pool.category_points (category_points_pool_id, category_name, category_value) values (1, 'fights', 20); 
INSERT INTO hockey_pool.category_points (category_points_pool_id, category_name, category_value) values (1, 'gwy', 10); 
INSERT INTO hockey_pool.category_points (category_points_pool_id, category_name, category_value) values (1, 'twy', 1); 
INSERT INTO hockey_pool.category_points (category_points_pool_id, category_name, category_value) values (1, 'fow', 1); 
INSERT INTO hockey_pool.category_points (category_points_pool_id, category_name, category_value) values (1, 'fol', 1); 
INSERT INTO hockey_pool.category_points (category_points_pool_id, category_name, category_value) values (1, 'toi', 1); 
INSERT INTO hockey_pool.category_points (category_points_pool_id, category_name, category_value) values (1, 'sog', 1); 
INSERT INTO hockey_pool.category_points (category_points_pool_id, category_name, category_value) values (1, 'som', 1); 
INSERT INTO hockey_pool.category_points (category_points_pool_id, category_name, category_value) values (1, 'w', 15); 
INSERT INTO hockey_pool.category_points (category_points_pool_id, category_name, category_value) values (1, 'otl', 8); 
INSERT INTO hockey_pool.category_points (category_points_pool_id, category_name, category_value) values (1, 'saves', 1); 
INSERT INTO hockey_pool.category_points (category_points_pool_id, category_name, category_value) values (1, 'so', 1); 
INSERT INTO hockey_pool.category_points (category_points_pool_id, category_name, category_value) values (1, 'pss', 10); 
INSERT INTO hockey_pool.category_points (category_points_pool_id, category_name, category_value) values (1, 'psga', -10); 
INSERT INTO hockey_pool.category_points (category_points_pool_id, category_name, category_value) values (1, 'sos', 1); 
INSERT INTO hockey_pool.category_points (category_points_pool_id, category_name, category_value) values (1, 'soga', 1); 
INSERT INTO hockey_pool.category_points (category_points_pool_id, category_name, category_value) values (1, 'ga', -7); 
INSERT INTO hockey_pool.category_points (category_points_pool_id, category_name, category_value) values (1, 'first_star', 10); 
INSERT INTO hockey_pool.category_points (category_points_pool_id, category_name, category_value) values (1, 'second_star', 7); 
INSERT INTO hockey_pool.category_points (category_points_pool_id, category_name, category_value) values (1, 'third_star', 5); 

INSERT INTO hockey_pool.positions (position_id, position_code, position_long_name) VALUES (1,'L','Left Wing');
INSERT INTO hockey_pool.positions (position_id, position_code, position_long_name) VALUES (2,'C','Centre');
INSERT INTO hockey_pool.positions (position_id, position_code, position_long_name) VALUES (3,'R','Right Wing');
INSERT INTO hockey_pool.positions (position_id, position_code, position_long_name) VALUES (4,'D','Defense');
INSERT INTO hockey_pool.positions (position_id, position_code, position_long_name) VALUES (5,'G','Goalie');
INSERT INTO hockey_pool.positions (position_id, position_code, position_long_name) VALUES (6,'B','Bench');

INSERT INTO hockey_pool.hockey_team (hockey_team_id, short_name, long_name) VALUES (1, 'ANA', 'Anaheim');
INSERT INTO hockey_pool.hockey_team (hockey_team_id, short_name, long_name) VALUES (2, 'BOS', 'Boston');
INSERT INTO hockey_pool.hockey_team (hockey_team_id, short_name, long_name) VALUES (3, 'BUF', 'Buffalo');
INSERT INTO hockey_pool.hockey_team (hockey_team_id, short_name, long_name) VALUES (4, 'CGY', 'Calgary');
INSERT INTO hockey_pool.hockey_team (hockey_team_id, short_name, long_name) VALUES (5, 'CAR', 'Carolina');
INSERT INTO hockey_pool.hockey_team (hockey_team_id, short_name, long_name) VALUES (6, 'CHI', 'Chicago');
INSERT INTO hockey_pool.hockey_team (hockey_team_id, short_name, long_name) VALUES (7, 'COL', 'Colorado');
INSERT INTO hockey_pool.hockey_team (hockey_team_id, short_name, long_name) VALUES (8, 'CBJ', 'Columbus');
INSERT INTO hockey_pool.hockey_team (hockey_team_id, short_name, long_name) VALUES (9, 'DAL', 'Dallas');
INSERT INTO hockey_pool.hockey_team (hockey_team_id, short_name, long_name) VALUES (10, 'DET', 'Detroit');
INSERT INTO hockey_pool.hockey_team (hockey_team_id, short_name, long_name) VALUES (11, 'EDM', 'Edmonton');
INSERT INTO hockey_pool.hockey_team (hockey_team_id, short_name, long_name) VALUES (12, 'FLA', 'Florida');
INSERT INTO hockey_pool.hockey_team (hockey_team_id, short_name, long_name) VALUES (13, 'LAK', 'Los Angeles');
INSERT INTO hockey_pool.hockey_team (hockey_team_id, short_name, long_name) VALUES (14, 'MIN', 'Minnesota');
INSERT INTO hockey_pool.hockey_team (hockey_team_id, short_name, long_name) VALUES (15, 'MTL', 'Montreal');
INSERT INTO hockey_pool.hockey_team (hockey_team_id, short_name, long_name) VALUES (16, 'NSH', 'Nashville');
INSERT INTO hockey_pool.hockey_team (hockey_team_id, short_name, long_name) VALUES (17, 'NJD', 'New Jersey');
INSERT INTO hockey_pool.hockey_team (hockey_team_id, short_name, long_name) VALUES (18, 'NYI', 'NY Islanders');
INSERT INTO hockey_pool.hockey_team (hockey_team_id, short_name, long_name) VALUES (19, 'NYR', 'NY Rangers');
INSERT INTO hockey_pool.hockey_team (hockey_team_id, short_name, long_name) VALUES (20, 'OTT', 'Ottawa');
INSERT INTO hockey_pool.hockey_team (hockey_team_id, short_name, long_name) VALUES (21, 'PHI', 'Philadelphia');
INSERT INTO hockey_pool.hockey_team (hockey_team_id, short_name, long_name) VALUES (22, 'ARI', 'Arizona');
INSERT INTO hockey_pool.hockey_team (hockey_team_id, short_name, long_name) VALUES (23, 'PIT', 'Pittsburgh');
INSERT INTO hockey_pool.hockey_team (hockey_team_id, short_name, long_name) VALUES (24, 'SJS', 'San Jose');
INSERT INTO hockey_pool.hockey_team (hockey_team_id, short_name, long_name) VALUES (25, 'STL', 'St. Louis');
INSERT INTO hockey_pool.hockey_team (hockey_team_id, short_name, long_name) VALUES (26, 'TBL', 'Tampa Bay');
INSERT INTO hockey_pool.hockey_team (hockey_team_id, short_name, long_name) VALUES (27, 'TOR', 'Toronto');
INSERT INTO hockey_pool.hockey_team (hockey_team_id, short_name, long_name) VALUES (28, 'VAN', 'Vancouver');
INSERT INTO hockey_pool.hockey_team (hockey_team_id, short_name, long_name) VALUES (29, 'WSH', 'Washington');
INSERT INTO hockey_pool.hockey_team (hockey_team_id, short_name, long_name) VALUES (30, 'WPG', 'Winnipeg');

INSERT INTO hockey_pool.players (player_id, player_name, player_conference, player_pool_id) VALUES (2, 'The Satans', 'West', 1);
INSERT INTO hockey_pool.players (player_id, player_name, player_conference, player_pool_id) VALUES (4, 'The Blitzkrieg Blades', 'East', 1);
INSERT INTO hockey_pool.players (player_id, player_name, player_conference, player_pool_id) VALUES (5, 'WildFire', 'East', 1);
INSERT INTO hockey_pool.players (player_id, player_name, player_conference, player_pool_id) VALUES (6, 'Blackcocks', 'West', 1);
INSERT INTO hockey_pool.players (player_id, player_name, player_conference, player_pool_id) VALUES (7, 'The PeeJays', 'East', 1);
INSERT INTO hockey_pool.players (player_id, player_name, player_conference, player_pool_id) VALUES (8, 'Mithril', 'East', 1);
INSERT INTO hockey_pool.players (player_id, player_name, player_conference, player_pool_id) VALUES (9, '2sedins 1cup', 'West', 1);
INSERT INTO hockey_pool.players (player_id, player_name, player_conference, player_pool_id) VALUES (11, 'Polo', 'West', 1);

INSERT INTO hockey_pool.matches (match_id, match_week_id, home_player_id, away_player_id, winner_player_id, home_points, away_points) VALUES (757, 1, 11, 2, 2, 2, 6);
INSERT INTO hockey_pool.matches (match_id, match_week_id, home_player_id, away_player_id, winner_player_id, home_points, away_points) VALUES (758, 1, 4, 7, 4, 5, 3);
INSERT INTO hockey_pool.matches (match_id, match_week_id, home_player_id, away_player_id, winner_player_id, home_points, away_points) VALUES (759, 1, 5, 8, 5, 4, 4);
INSERT INTO hockey_pool.matches (match_id, match_week_id, home_player_id, away_player_id, winner_player_id, home_points, away_points) VALUES (760, 1, 9, 6, 6, 3, 5);
INSERT INTO hockey_pool.matches (match_id, match_week_id, home_player_id, away_player_id, winner_player_id, home_points, away_points) VALUES (761, 2, 8, 2, 2, 2, 6);
INSERT INTO hockey_pool.matches (match_id, match_week_id, home_player_id, away_player_id, winner_player_id, home_points, away_points) VALUES (762, 2, 4, 6, 4, 6, 1);
INSERT INTO hockey_pool.matches (match_id, match_week_id, home_player_id, away_player_id, winner_player_id, home_points, away_points) VALUES (763, 2, 5, 11, 5, 6, 2);
INSERT INTO hockey_pool.matches (match_id, match_week_id, home_player_id, away_player_id, winner_player_id, home_points, away_points) VALUES (764, 2, 7, 9, 7, 7, 1);
INSERT INTO hockey_pool.matches (match_id, match_week_id, home_player_id, away_player_id, winner_player_id, home_points, away_points) VALUES (765, 3, 5, 2, 5, 7, 1);
INSERT INTO hockey_pool.matches (match_id, match_week_id, home_player_id, away_player_id, winner_player_id, home_points, away_points) VALUES (766, 3, 4, 9, 9, 2, 6);
INSERT INTO hockey_pool.matches (match_id, match_week_id, home_player_id, away_player_id, winner_player_id, home_points, away_points) VALUES (767, 3, 7, 8, 8, 3, 5);
INSERT INTO hockey_pool.matches (match_id, match_week_id, home_player_id, away_player_id, winner_player_id, home_points, away_points) VALUES (768, 3, 11, 6, 6, 2, 6);
INSERT INTO hockey_pool.matches (match_id, match_week_id, home_player_id, away_player_id, winner_player_id, home_points, away_points) VALUES (769, 4, 4, 2, 2, 1, 7);
INSERT INTO hockey_pool.matches (match_id, match_week_id, home_player_id, away_player_id, winner_player_id, home_points, away_points) VALUES (770, 4, 5, 6, 6, 3, 5);
INSERT INTO hockey_pool.matches (match_id, match_week_id, home_player_id, away_player_id, winner_player_id, home_points, away_points) VALUES (771, 4, 7, 8, 8, 2, 5);
INSERT INTO hockey_pool.matches (match_id, match_week_id, home_player_id, away_player_id, winner_player_id, home_points, away_points) VALUES (772, 4, 11, 9, 11, 7, 1);
INSERT INTO hockey_pool.matches (match_id, match_week_id, home_player_id, away_player_id, winner_player_id, home_points, away_points) VALUES (773, 5, 2, 6, 2, 8, 0);
INSERT INTO hockey_pool.matches (match_id, match_week_id, home_player_id, away_player_id, winner_player_id, home_points, away_points) VALUES (774, 5, 8, 4, 4, 2, 6);
INSERT INTO hockey_pool.matches (match_id, match_week_id, home_player_id, away_player_id, winner_player_id, home_points, away_points) VALUES (775, 5, 5, 9, 5, 6, 2);
INSERT INTO hockey_pool.matches (match_id, match_week_id, home_player_id, away_player_id, winner_player_id, home_points, away_points) VALUES (776, 5, 7, 11, 7, 6, 2);
INSERT INTO hockey_pool.matches (match_id, match_week_id, home_player_id, away_player_id, winner_player_id, home_points, away_points) VALUES (777, 6, 7, 2, 2, 3, 5);
INSERT INTO hockey_pool.matches (match_id, match_week_id, home_player_id, away_player_id, winner_player_id, home_points, away_points) VALUES (778, 6, 5, 4, 4, 2, 6);
INSERT INTO hockey_pool.matches (match_id, match_week_id, home_player_id, away_player_id, winner_player_id, home_points, away_points) VALUES (779, 6, 8, 9, 9, 3, 5);
INSERT INTO hockey_pool.matches (match_id, match_week_id, home_player_id, away_player_id, winner_player_id, home_points, away_points) VALUES (780, 6, 6, 11, 6, 5, 3);
INSERT INTO hockey_pool.matches (match_id, match_week_id, home_player_id, away_player_id, winner_player_id, home_points, away_points) VALUES (781, 7, 2, 11, 2, 7, 1);
INSERT INTO hockey_pool.matches (match_id, match_week_id, home_player_id, away_player_id, winner_player_id, home_points, away_points) VALUES (782, 7, 4, 7, 7, 3, 5);
INSERT INTO hockey_pool.matches (match_id, match_week_id, home_player_id, away_player_id, winner_player_id, home_points, away_points) VALUES (783, 7, 5, 8, 5, 6, 2);
INSERT INTO hockey_pool.matches (match_id, match_week_id, home_player_id, away_player_id, winner_player_id, home_points, away_points) VALUES (784, 7, 6, 9, 9, 2, 6);
INSERT INTO hockey_pool.matches (match_id, match_week_id, home_player_id, away_player_id, winner_player_id, home_points, away_points) VALUES (785, 8, 2, 9, 9, 2, 6);
INSERT INTO hockey_pool.matches (match_id, match_week_id, home_player_id, away_player_id, winner_player_id, home_points, away_points) VALUES (786, 8, 11, 4, 4, 2, 5);
INSERT INTO hockey_pool.matches (match_id, match_week_id, home_player_id, away_player_id, winner_player_id, home_points, away_points) VALUES (787, 8, 5, 7, 7, 2, 6);
INSERT INTO hockey_pool.matches (match_id, match_week_id, home_player_id, away_player_id, winner_player_id, home_points, away_points) VALUES (788, 8, 6, 8, 6, 6, 1);
INSERT INTO hockey_pool.matches (match_id, match_week_id, home_player_id, away_player_id, winner_player_id, home_points, away_points) VALUES (789, 9, 9, 2, 2, 1, 7);
INSERT INTO hockey_pool.matches (match_id, match_week_id, home_player_id, away_player_id, winner_player_id, home_points, away_points) VALUES (790, 9, 4, 8, 8, 2, 5);
INSERT INTO hockey_pool.matches (match_id, match_week_id, home_player_id, away_player_id, winner_player_id, home_points, away_points) VALUES (791, 9, 7, 5, 5, 3, 5);
INSERT INTO hockey_pool.matches (match_id, match_week_id, home_player_id, away_player_id, winner_player_id, home_points, away_points) VALUES (792, 9, 11, 6, 6, 3, 5);
INSERT INTO hockey_pool.matches (match_id, match_week_id, home_player_id, away_player_id, winner_player_id, home_points, away_points) VALUES (793, 10, 7, 2, 2, 1, 6);
INSERT INTO hockey_pool.matches (match_id, match_week_id, home_player_id, away_player_id, winner_player_id, home_points, away_points) VALUES (794, 10, 4, 5, 4, 7, 1);
INSERT INTO hockey_pool.matches (match_id, match_week_id, home_player_id, away_player_id, winner_player_id, home_points, away_points) VALUES (795, 10, 9, 11, 9, 4, 3);
INSERT INTO hockey_pool.matches (match_id, match_week_id, home_player_id, away_player_id, winner_player_id, home_points, away_points) VALUES (796, 10, 6, 8, 8, 1, 7);
INSERT INTO hockey_pool.matches (match_id, match_week_id, home_player_id, away_player_id, winner_player_id, home_points, away_points) VALUES (797, 11, 2, 5, 5, 3, 5);
INSERT INTO hockey_pool.matches (match_id, match_week_id, home_player_id, away_player_id, winner_player_id, home_points, away_points) VALUES (798, 11, 8, 4, 4, 2, 6);
INSERT INTO hockey_pool.matches (match_id, match_week_id, home_player_id, away_player_id, winner_player_id, home_points, away_points) VALUES (799, 11, 6, 7, 7, 2, 6);
INSERT INTO hockey_pool.matches (match_id, match_week_id, home_player_id, away_player_id, winner_player_id, home_points, away_points) VALUES (800, 11, 9, 11, 11, 2, 6);
INSERT INTO hockey_pool.matches (match_id, match_week_id, home_player_id, away_player_id, winner_player_id, home_points, away_points) VALUES (801, 12, 2, 6, 6, 3, 5);
INSERT INTO hockey_pool.matches (match_id, match_week_id, home_player_id, away_player_id, winner_player_id, home_points, away_points) VALUES (802, 12, 11, 4, 11, 7, 1);
INSERT INTO hockey_pool.matches (match_id, match_week_id, home_player_id, away_player_id, winner_player_id, home_points, away_points) VALUES (803, 12, 8, 5, 8, 6, 2);
INSERT INTO hockey_pool.matches (match_id, match_week_id, home_player_id, away_player_id, winner_player_id, home_points, away_points) VALUES (804, 12, 9, 7, 7, 2, 6);
INSERT INTO hockey_pool.matches (match_id, match_week_id, home_player_id, away_player_id, winner_player_id, home_points, away_points) VALUES (805, 13, 2, 8, 2, 6, 2);
INSERT INTO hockey_pool.matches (match_id, match_week_id, home_player_id, away_player_id, winner_player_id, home_points, away_points) VALUES (806, 13, 6, 4, 4, 1, 7);
INSERT INTO hockey_pool.matches (match_id, match_week_id, home_player_id, away_player_id, winner_player_id, home_points, away_points) VALUES (807, 13, 9, 5, 5, 1, 7);
INSERT INTO hockey_pool.matches (match_id, match_week_id, home_player_id, away_player_id, winner_player_id, home_points, away_points) VALUES (808, 13, 7, 11, 11, 2, 6);
INSERT INTO hockey_pool.matches (match_id, match_week_id, home_player_id, away_player_id, winner_player_id, home_points, away_points) VALUES (809, 14, 6, 2, 2, 1, 7);
INSERT INTO hockey_pool.matches (match_id, match_week_id, home_player_id, away_player_id, winner_player_id, home_points, away_points) VALUES (810, 14, 9, 4, 4, 2, 6);
INSERT INTO hockey_pool.matches (match_id, match_week_id, home_player_id, away_player_id, winner_player_id, home_points, away_points) VALUES (811, 14, 11, 5, 11, 7, 1);
INSERT INTO hockey_pool.matches (match_id, match_week_id, home_player_id, away_player_id, winner_player_id, home_points, away_points) VALUES (812, 14, 7, 8, 7, 6, 2);
INSERT INTO hockey_pool.matches (match_id, match_week_id, home_player_id, away_player_id, winner_player_id, home_points, away_points) VALUES (813, 15, 2, 11, 11, 0, 8);
INSERT INTO hockey_pool.matches (match_id, match_week_id, home_player_id, away_player_id, winner_player_id, home_points, away_points) VALUES (814, 15, 4, 8, 4, 6, 2);
INSERT INTO hockey_pool.matches (match_id, match_week_id, home_player_id, away_player_id, winner_player_id, home_points, away_points) VALUES (815, 15, 7, 5, 5, 2, 6);
INSERT INTO hockey_pool.matches (match_id, match_week_id, home_player_id, away_player_id, winner_player_id, home_points, away_points) VALUES (816, 15, 6, 9, 6, 4, 4);
INSERT INTO hockey_pool.matches (match_id, match_week_id, home_player_id, away_player_id, winner_player_id, home_points, away_points) VALUES (817, 16, 2, 5, 5, 1, 7);
INSERT INTO hockey_pool.matches (match_id, match_week_id, home_player_id, away_player_id, winner_player_id, home_points, away_points) VALUES (818, 16, 11, 4, 11, 7, 1);
INSERT INTO hockey_pool.matches (match_id, match_week_id, home_player_id, away_player_id, winner_player_id, home_points, away_points) VALUES (819, 16, 6, 7, 7, 2, 6);
INSERT INTO hockey_pool.matches (match_id, match_week_id, home_player_id, away_player_id, winner_player_id, home_points, away_points) VALUES (820, 16, 9, 8, 8, 2, 6);
INSERT INTO hockey_pool.matches (match_id, match_week_id, home_player_id, away_player_id, winner_player_id, home_points, away_points) VALUES (821, 17, 2, 4, 2, 5, 4);
INSERT INTO hockey_pool.matches (match_id, match_week_id, home_player_id, away_player_id, winner_player_id, home_points, away_points) VALUES (822, 17, 9, 7, 7, 2, 6);
INSERT INTO hockey_pool.matches (match_id, match_week_id, home_player_id, away_player_id, winner_player_id, home_points, away_points) VALUES (823, 17, 5, 11, 5, 6, 2);
INSERT INTO hockey_pool.matches (match_id, match_week_id, home_player_id, away_player_id, winner_player_id, home_points, away_points) VALUES (824, 17, 8, 6, 8, 6, 1);
INSERT INTO hockey_pool.matches (match_id, match_week_id, home_player_id, away_player_id, winner_player_id, home_points, away_points) VALUES (825, 18, 2, 9, 9, 2, 6);
INSERT INTO hockey_pool.matches (match_id, match_week_id, home_player_id, away_player_id, winner_player_id, home_points, away_points) VALUES (826, 18, 6, 5, 6, 4, 3);
INSERT INTO hockey_pool.matches (match_id, match_week_id, home_player_id, away_player_id, winner_player_id, home_points, away_points) VALUES (827, 18, 11, 8, 11, 6, 2);
INSERT INTO hockey_pool.matches (match_id, match_week_id, home_player_id, away_player_id, winner_player_id, home_points, away_points) VALUES (828, 18, 4, 7, 7, 3, 5);
INSERT INTO hockey_pool.matches (match_id, match_week_id, home_player_id, away_player_id, winner_player_id, home_points, away_points) VALUES (829, 19, 6, 2, 2, 1, 7);
INSERT INTO hockey_pool.matches (match_id, match_week_id, home_player_id, away_player_id, winner_player_id, home_points, away_points) VALUES (830, 19, 7, 4, 4, 0, 8);
INSERT INTO hockey_pool.matches (match_id, match_week_id, home_player_id, away_player_id, winner_player_id, home_points, away_points) VALUES (831, 19, 8, 5, 5, 2, 6);
INSERT INTO hockey_pool.matches (match_id, match_week_id, home_player_id, away_player_id, winner_player_id, home_points, away_points) VALUES (832, 19, 9, 11, 9, 5, 3);
INSERT INTO hockey_pool.matches (match_id, match_week_id, home_player_id, away_player_id, winner_player_id, home_points, away_points) VALUES (833, 20, 2, 7, 7, 0, 8);
INSERT INTO hockey_pool.matches (match_id, match_week_id, home_player_id, away_player_id, winner_player_id, home_points, away_points) VALUES (834, 20, 4, 5, 4, 6, 2);
INSERT INTO hockey_pool.matches (match_id, match_week_id, home_player_id, away_player_id, winner_player_id, home_points, away_points) VALUES (835, 20, 11, 8, 8, 1, 6);
INSERT INTO hockey_pool.matches (match_id, match_week_id, home_player_id, away_player_id, winner_player_id, home_points, away_points) VALUES (836, 20, 6, 9, 9, 2, 6);
INSERT INTO hockey_pool.matches (match_id, match_week_id, home_player_id, away_player_id, winner_player_id, home_points, away_points) VALUES (837, 21, 9, 2, 9, 6, 2);
INSERT INTO hockey_pool.matches (match_id, match_week_id, home_player_id, away_player_id, winner_player_id, home_points, away_points) VALUES (838, 21, 5, 4, 4, 2, 6);
INSERT INTO hockey_pool.matches (match_id, match_week_id, home_player_id, away_player_id, winner_player_id, home_points, away_points) VALUES (839, 21, 7, 6, 7, 7, 1);
INSERT INTO hockey_pool.matches (match_id, match_week_id, home_player_id, away_player_id, winner_player_id, home_points, away_points) VALUES (840, 21, 8, 11, 11, 3, 5);
INSERT INTO hockey_pool.matches (match_id, match_week_id, home_player_id, away_player_id, winner_player_id, home_points, away_points) VALUES (851, 22, 2, 8, 8, 1, 7);
INSERT INTO hockey_pool.matches (match_id, match_week_id, home_player_id, away_player_id, winner_player_id, home_points, away_points) VALUES (852, 22, 4, 9, 4, 6, 2);
INSERT INTO hockey_pool.matches (match_id, match_week_id, home_player_id, away_player_id, winner_player_id, home_points, away_points) VALUES (853, 22, 5, 7, 5, 5, 3);
INSERT INTO hockey_pool.matches (match_id, match_week_id, home_player_id, away_player_id, winner_player_id, home_points, away_points) VALUES (854, 22, 6, 11, 11, 1, 7);
INSERT INTO hockey_pool.matches (match_id, match_week_id, home_player_id, away_player_id, winner_player_id, home_points, away_points) VALUES (855, 23, 2, 11, 2, 6, 1);
INSERT INTO hockey_pool.matches (match_id, match_week_id, home_player_id, away_player_id, winner_player_id, home_points, away_points) VALUES (856, 23, 4, 6, 4, 8, 0);
INSERT INTO hockey_pool.matches (match_id, match_week_id, home_player_id, away_player_id, winner_player_id, home_points, away_points) VALUES (857, 23, 5, 9, 9, 4, 5);
INSERT INTO hockey_pool.matches (match_id, match_week_id, home_player_id, away_player_id, winner_player_id, home_points, away_points) VALUES (858, 23, 7, 8, 7, 7, 1);
INSERT INTO hockey_pool.matches (match_id, match_week_id, home_player_id, away_player_id, winner_player_id, home_points, away_points) VALUES (859, 24, 7, 5, 5, 0, 8);
INSERT INTO hockey_pool.matches (match_id, match_week_id, home_player_id, away_player_id, winner_player_id, home_points, away_points) VALUES (860, 24, 11, 9, 9, 3, 5);
INSERT INTO hockey_pool.matches (match_id, match_week_id, home_player_id, away_player_id, winner_player_id, home_points, away_points) VALUES (861, 25, 2, 9, 9, 3, 5);
INSERT INTO hockey_pool.matches (match_id, match_week_id, home_player_id, away_player_id, winner_player_id, home_points, away_points) VALUES (862, 25, 4, 5, 4, 6, 2);
INSERT INTO hockey_pool.matches (match_id, match_week_id, home_player_id, away_player_id, winner_player_id, home_points, away_points) VALUES (863, 26, 9, 4, null, null, null);
INSERT INTO hockey_pool.matches (match_id, match_week_id, home_player_id, away_player_id, winner_player_id, home_points, away_points) VALUES (864, 26, 2, 5, null, null, null);
INSERT INTO hockey_pool.matches (match_id, match_week_id, home_player_id, away_player_id, winner_player_id, home_points, away_points) VALUES (865, 26, 11, 7, null, null, null);
INSERT INTO hockey_pool.matches (match_id, match_week_id, home_player_id, away_player_id, winner_player_id, home_points, away_points) VALUES (866, 26, 6, 8, null, null, null);

spool off;

